applicant_id,customer_id,name,ssn,dob,phone_number,home_address,age,declared_income_monthly,loan_amount,purpose,target_scenario
APP-001,CU-001,Liam Smith,960-24-6191,01-05-1976,-7853,"566 Oak Ave, Los Angeles, CA 47194",50,949535,2636955,Used Car Loan,Prime
APP-002,CU-002,Olivia Jones,413-31-7396,19-05-1982,-11372,"2658 Pine Rd, Chicago, IL 28431",44,696065,2900030,Used Car Loan,Prime
APP-003,CU-003,Noah Brown,940-48-6393,18-04-1969,-10819,"7613 Oak Ave, Los Angeles, CA 78148",57,1146310,3271055,Business Venture,Prime
APP-004,CU-004,Emma Davis,101-15-4843,26-08-1983,-9450,"261 Maple Dr, Houston, TX 47065",43,1097435,2255390,Used Car Loan,Prime
APP-005,CU-005,Oliver Miller,863-69-9571,01-03-1973,-7207,"164 Washington Blvd, San Antonio, TX 58984",53,1126080,1447295,Debt Consolidation,Prime
APP-006,CU-006,Ava Wilson,872-50-4099,01-03-1994,-4837,"2554 Lakeview Dr, San Diego, CA 87373",32,912135,2207025,Major Purchase,Prime
APP-007,CU-007,Elijah Moore,317-23-7938,13-04-1990,-7131,"7821 Oak Ave, Los Angeles, CA 33419",36,1309680,2019175,Business Venture,Prime
APP-008,CU-008,Charlotte Taylor,342-95-6915,03-09-1971,-5350,"3727 Maple Dr, Houston, TX 35939",55,853230,2610095,Major Purchase,Prime
APP-009,CU-009,James Anderson,555-36-5413,27-01-1977,-2962,"8094 Washington Blvd, San Antonio, TX 71087",49,1124720,2825145,Emergency Expenses,Prime
APP-010,CU-010,Sophia Thomas,101-11-1854,02-04-1991,-8886,"5349 Pine Rd, Chicago, IL 97092",35,1150475,1694135,Debt Consolidation,Prime
APP-011,CU-011,Benjamin Jackson,610-25-9800,09-04-1969,-6004,"2611 Elm St, Philadelphia, PA 25708",57,1283330,2485655,Emergency Expenses,Prime
APP-012,CU-012,Isabella White,739-48-3385,05-05-1994,-10972,"6716 Main St, New York, NY 57254",32,702270,2471375,Debt Consolidation,Prime
APP-013,CU-013,Lucas Harris,108-28-3255,14-02-1980,-8227,"9988 Elm St, Philadelphia, PA 22183",46,1150815,2094145,Major Purchase,Prime
APP-014,CU-014,Mia Martin,805-63-1956,06-06-1989,-7938,"4593 Main St, New York, NY 96831",37,1126590,1378530,Home Improvement,Prime
APP-015,CU-015,Henry Thompson,662-63-6895,06-05-1969,-1932,"4993 Cedar Ln, Phoenix, AZ 49790",57,1359660,2040595,Business Venture,Prime
APP-016,CU-016,Amelia Garcia,991-46-3327,26-06-2000,-2544,"706 Cedar Ln, Phoenix, AZ 76235",26,423300,1102875,Major Purchase,Thin Credit
APP-017,CU-017,Alexander Martinez,971-55-4863,26-07-2003,-6325,"1786 Elm St, Philadelphia, PA 45777",23,406640,1538160,Major Purchase,Thin Credit
APP-018,CU-018,Harper Robinson,917-34-9716,10-04-1999,-6719,"2468 Maple Dr, Houston, TX 87575",27,422535,1360170,Major Purchase,Thin Credit
APP-019,CU-019,Mason Clark,882-63-3491,10-02-2001,-5398,"3151 Maple Dr, Houston, TX 58747",25,405705,924460,Emergency Expenses,Thin Credit
APP-020,CU-020,Evelyn Rodriguez,758-26-9311,08-09-2004,-7965,"9661 Washington Blvd, San Antonio, TX 42217",22,504135,1632340,Emergency Expenses,Thin Credit
APP-021,CU-021,Michael Lewis,984-10-4343,14-01-2003,-2870,"7104 Elm St, Philadelphia, PA 69638",23,482715,1148010,Business Venture,Thin Credit
APP-022,CU-022,Abigail Lee,552-85-7617,02-07-1999,-9591,"4552 Elm St, Philadelphia, PA 36646",27,551565,1684955,Emergency Expenses,Thin Credit
APP-023,CU-023,Ethan Walker,995-41-1851,19-02-2000,-5178,"4100 Main St, New York, NY 80588",26,449735,1530170,Debt Consolidation,Thin Credit
APP-024,CU-024,Emily Hall,134-96-9967,24-09-2003,-3021,"8908 Pine Rd, Chicago, IL 30358",23,468860,885020,Home Improvement,Thin Credit
APP-025,CU-025,Daniel Allen,788-45-6073,19-11-2004,-8963,"3540 Elm St, Philadelphia, PA 30150",22,414120,1352945,Major Purchase,Thin Credit
APP-026,CU-026,Elizabeth Young,711-21-8400,23-05-2003,-4240,"817 Maple Dr, Houston, TX 61934",23,458150,1558475,Debt Consolidation,Thin Credit
APP-027,CU-027,Jacob King,138-62-6161,10-08-2002,-6710,"7430 Cedar Ln, Phoenix, AZ 48102",24,403750,1422135,Debt Consolidation,Thin Credit
APP-028,CU-028,Sofia Wright,894-75-2540,07-06-2004,-7132,"9680 Pine Rd, Chicago, IL 36432",22,383350,1486990,Debt Consolidation,Thin Credit
APP-029,CU-029,Logan Scott,813-28-5268,12-10-2004,-6513,"6719 Oak Ave, Los Angeles, CA 67799",22,546890,892840,Major Purchase,Thin Credit
APP-030,CU-030,Avery Torres,771-54-2852,16-10-2004,-6974,"9542 Maple Dr, Houston, TX 40354",22,471665,1146310,Business Venture,Thin Credit
APP-031,CU-031,Jackson Nguyen,507-37-5468,06-03-1994,-8346,"3819 Oak Ave, Los Angeles, CA 94665",32,385900,5510975,Emergency Expenses,High DTI
APP-032,CU-032,Ella Hill,982-78-2838,13-01-1998,-4728,"7509 Elm St, Philadelphia, PA 66570",28,414205,7455520,Home Improvement,High DTI
APP-033,CU-033,Levi Flores,709-10-1404,01-04-1994,-4391,"9960 Cedar Ln, Phoenix, AZ 90642",32,439960,5508765,Debt Consolidation,High DTI
APP-034,CU-034,Madison Green,587-41-4419,11-02-1977,-1813,"870 Oak Ave, Los Angeles, CA 42049",49,402475,7164225,Debt Consolidation,High DTI
APP-035,CU-035,Sebastian Adams,202-47-7881,24-10-1979,-9818,"9650 Elm St, Philadelphia, PA 33386",47,403580,7794755,Major Purchase,High DTI
APP-036,CU-036,Scarlett Nelson,429-26-4579,25-08-1988,-9953,"5669 Cedar Ln, Phoenix, AZ 79836",38,391850,6557240,Debt Consolidation,High DTI
APP-037,CU-037,Jack Baker,963-76-1666,13-10-1989,-8939,"7670 Pine Rd, Chicago, IL 67108",37,427805,6265860,Major Purchase,High DTI
APP-038,CU-038,Victoria Hall,172-35-7190,13-02-1995,-8225,"2978 Pine Rd, Chicago, IL 62796",31,491300,6305130,Major Purchase,High DTI
APP-039,CU-039,Owen Rivera,625-68-6126,22-07-1981,-2941,"6606 Elm St, Philadelphia, PA 48638",45,450925,8047290,Home Improvement,High DTI
APP-040,CU-040,Aria Campbell,225-53-5632,26-04-1981,-8235,"7661 Maple Dr, Houston, TX 83794",45,391850,5641535,Home Improvement,High DTI
APP-041,CU-041,Theodore Mitchell,542-65-1876,05-08-1979,-3975,"1833 Elm St, Philadelphia, PA 11605",47,725050,2687105,Home Improvement,Fraud
APP-042,CU-042,Grace Carter,322-15-8489,06-05-1985,-10792,"8937 Washington Blvd, San Antonio, TX 10117",41,726835,3766265,Used Car Loan,Fraud
APP-043,CU-043,Samuel Roberts,217-77-9915,10-07-2007,-6362,"2148 Maple Dr, Houston, TX 88477",19,351730,9518980,Home Improvement,Fraud
APP-044,CU-044,Chloe Gomez,997-22-6287,24-05-1996,-11147,"2932 Washington Blvd, San Antonio, TX 89767",30,882640,4101505,Used Car Loan,Fraud
APP-045,CU-045,Joseph Phillips,236-43-3635,14-11-1994,-7872,"6051 Lakeview Dr, San Diego, CA 97388",32,584120,4745380,Major Purchase,Fraud
APP-046,CU-046,Camila Evans,673-13-1600,14-02-2008,-4324,"9610 Oak Ave, Los Angeles, CA 39287",18,481100,9483025,Home Improvement,Fraud
APP-047,CU-047,John Turner,715-60-2970,01-09-1987,-3443,"5667 Lakeview Dr, San Diego, CA 66819",39,568820,1734680,Business Venture,Missing Documents
APP-048,CU-048,Layla Diaz,510-64-3336,05-08-1980,-4492,"4712 Oak Ave, Los Angeles, CA 53872",46,589220,1897710,Business Venture,Missing Documents
APP-049,CU-049,David Parker,146-77-3891,15-07-1998,-2306,"6998 Pine Rd, Chicago, IL 85683",28,580890,1454860,Business Venture,Missing Documents
APP-050,CU-050,Bella Cruz,401-21-8783,09-08-1998,-3057,"3631 Pine Rd, Chicago, IL 49915",28,539495,2220795,Home Improvement,Missing Documents
APP-051,CU-051,James Vance,415-88-2931,14-11-1988,-4311,"812 Willow St, Miami, FL 33101",37,807500,3825000,Debt Consolidation,Terminated Employment Fraud
APP-052,CU-052,Sophia Miller,312-99-4012,22-03-1992,-9082,"455 Spruce Ave, Denver, CO 80202",34,527000,2125000,Home Improvement,Terminated Employment Fraud
APP-053,CU-053,Jackson Reed,618-22-7744,05-09-1985,-1156,"109 Pine St, Seattle, WA 98101",40,935000,5525000,Business Venture,Terminated Employment Fraud
APP-054,CU-054,Mia Jenkins,215-44-8899,19-07-1995,-7721,"302 Cedar Rd, Austin, TX 78701",31,459000,1275000,Used Car Loan,Terminated Employment Fraud
APP-055,CU-055,Arjun Mehta,512-44-9021,12-08-1984,-8821,"45 MG Road, Bangalore, KA 560001",42,1275000,6800000,Business Expansion,Self-Employed Prime
APP-056,CU-056,Priya Sharma,214-33-8812,29-11-1991,-3341,"102 Link Road, Mumbai, MH 400053",34,340000,2550000,Working Capital,Self-Employed Volatile
