applicant_id,customer_id,name,ssn,dob,phone_number,home_address,age,declared_income_monthly,loan_amount,purpose,target_scenario
APP-001,CU-001,Liam Smith,960-24-6191,01-05-1976,-7853,"566 Oak Ave, Los Angeles, CA 47194",50,11171,31023,Used Car Loan,Prime
APP-002,CU-002,Olivia Jones,413-31-7396,19-05-1982,-11372,"2658 Pine Rd, Chicago, IL 28431",44,8189,34118,Used Car Loan,Prime
APP-003,CU-003,Noah Brown,940-48-6393,18-04-1969,-10819,"7613 Oak Ave, Los Angeles, CA 78148",57,13486,38483,Business Venture,Prime
APP-004,CU-004,Emma Davis,101-15-4843,26-08-1983,-9450,"261 Maple Dr, Houston, TX 47065",43,12911,26534,Used Car Loan,Prime
APP-005,CU-005,Oliver Miller,863-69-9571,01-03-1973,-7207,"164 Washington Blvd, San Antonio, TX 58984",53,13248,17027,Debt Consolidation,Prime
APP-006,CU-006,Ava Wilson,872-50-4099,01-03-1994,-4837,"2554 Lakeview Dr, San Diego, CA 87373",32,10731,25965,Major Purchase,Prime
APP-007,CU-007,Elijah Moore,317-23-7938,13-04-1990,-7131,"7821 Oak Ave, Los Angeles, CA 33419",36,15408,23755,Business Venture,Prime
APP-008,CU-008,Charlotte Taylor,342-95-6915,03-09-1971,-5350,"3727 Maple Dr, Houston, TX 35939",55,10038,30707,Major Purchase,Prime
APP-009,CU-009,James Anderson,555-36-5413,27-01-1977,-2962,"8094 Washington Blvd, San Antonio, TX 71087",49,13232,33237,Emergency Expenses,Prime
APP-010,CU-010,Sophia Thomas,101-11-1854,02-04-1991,-8886,"5349 Pine Rd, Chicago, IL 97092",35,13535,19931,Debt Consolidation,Prime
APP-011,CU-011,Benjamin Jackson,610-25-9800,09-04-1969,-6004,"2611 Elm St, Philadelphia, PA 25708",57,15098,29243,Emergency Expenses,Prime
APP-012,CU-012,Isabella White,739-48-3385,05-05-1994,-10972,"6716 Main St, New York, NY 57254",32,8262,29075,Debt Consolidation,Prime
APP-013,CU-013,Lucas Harris,108-28-3255,14-02-1980,-8227,"9988 Elm St, Philadelphia, PA 22183",46,13539,24637,Major Purchase,Prime
APP-014,CU-014,Mia Martin,805-63-1956,06-06-1989,-7938,"4593 Main St, New York, NY 96831",37,13254,16218,Home Improvement,Prime
APP-015,CU-015,Henry Thompson,662-63-6895,06-05-1969,-1932,"4993 Cedar Ln, Phoenix, AZ 49790",57,15996,24007,Business Venture,Prime
APP-016,CU-016,Amelia Garcia,991-46-3327,26-06-2000,-2544,"706 Cedar Ln, Phoenix, AZ 76235",26,4980,12975,Major Purchase,Thin Credit
APP-017,CU-017,Alexander Martinez,971-55-4863,26-07-2003,-6325,"1786 Elm St, Philadelphia, PA 45777",23,4784,18096,Major Purchase,Thin Credit
APP-018,CU-018,Harper Robinson,917-34-9716,10-04-1999,-6719,"2468 Maple Dr, Houston, TX 87575",27,4971,16002,Major Purchase,Thin Credit
APP-019,CU-019,Mason Clark,882-63-3491,10-02-2001,-5398,"3151 Maple Dr, Houston, TX 58747",25,4773,10876,Emergency Expenses,Thin Credit
APP-020,CU-020,Evelyn Rodriguez,758-26-9311,08-09-2004,-7965,"9661 Washington Blvd, San Antonio, TX 42217",22,5931,19204,Emergency Expenses,Thin Credit
APP-021,CU-021,Michael Lewis,984-10-4343,14-01-2003,-2870,"7104 Elm St, Philadelphia, PA 69638",23,5679,13506,Business Venture,Thin Credit
APP-022,CU-022,Abigail Lee,552-85-7617,02-07-1999,-9591,"4552 Elm St, Philadelphia, PA 36646",27,6489,19823,Emergency Expenses,Thin Credit
APP-023,CU-023,Ethan Walker,995-41-1851,19-02-2000,-5178,"4100 Main St, New York, NY 80588",26,5291,18002,Debt Consolidation,Thin Credit
APP-024,CU-024,Emily Hall,134-96-9967,24-09-2003,-3021,"8908 Pine Rd, Chicago, IL 30358",23,5516,10412,Home Improvement,Thin Credit
APP-025,CU-025,Daniel Allen,788-45-6073,19-11-2004,-8963,"3540 Elm St, Philadelphia, PA 30150",22,4872,15917,Major Purchase,Thin Credit
APP-026,CU-026,Elizabeth Young,711-21-8400,23-05-2003,-4240,"817 Maple Dr, Houston, TX 61934",23,5390,18335,Debt Consolidation,Thin Credit
APP-027,CU-027,Jacob King,138-62-6161,10-08-2002,-6710,"7430 Cedar Ln, Phoenix, AZ 48102",24,4750,16731,Debt Consolidation,Thin Credit
APP-028,CU-028,Sofia Wright,894-75-2540,07-06-2004,-7132,"9680 Pine Rd, Chicago, IL 36432",22,4510,17494,Debt Consolidation,Thin Credit
APP-029,CU-029,Logan Scott,813-28-5268,12-10-2004,-6513,"6719 Oak Ave, Los Angeles, CA 67799",22,6434,10504,Major Purchase,Thin Credit
APP-030,CU-030,Avery Torres,771-54-2852,16-10-2004,-6974,"9542 Maple Dr, Houston, TX 40354",22,5549,13486,Business Venture,Thin Credit
APP-031,CU-031,Jackson Nguyen,507-37-5468,06-03-1994,-8346,"3819 Oak Ave, Los Angeles, CA 94665",32,4540,64835,Emergency Expenses,High DTI
APP-032,CU-032,Ella Hill,982-78-2838,13-01-1998,-4728,"7509 Elm St, Philadelphia, PA 66570",28,4873,87712,Home Improvement,High DTI
APP-033,CU-033,Levi Flores,709-10-1404,01-04-1994,-4391,"9960 Cedar Ln, Phoenix, AZ 90642",32,5176,64809,Debt Consolidation,High DTI
APP-034,CU-034,Madison Green,587-41-4419,11-02-1977,-1813,"870 Oak Ave, Los Angeles, CA 42049",49,4735,84285,Debt Consolidation,High DTI
APP-035,CU-035,Sebastian Adams,202-47-7881,24-10-1979,-9818,"9650 Elm St, Philadelphia, PA 33386",47,4748,91703,Major Purchase,High DTI
APP-036,CU-036,Scarlett Nelson,429-26-4579,25-08-1988,-9953,"5669 Cedar Ln, Phoenix, AZ 79836",38,4610,77144,Debt Consolidation,High DTI
APP-037,CU-037,Jack Baker,963-76-1666,13-10-1989,-8939,"7670 Pine Rd, Chicago, IL 67108",37,5033,73716,Major Purchase,High DTI
APP-038,CU-038,Victoria Hall,172-35-7190,13-02-1995,-8225,"2978 Pine Rd, Chicago, IL 62796",31,5780,74178,Major Purchase,High DTI
APP-039,CU-039,Owen Rivera,625-68-6126,22-07-1981,-2941,"6606 Elm St, Philadelphia, PA 48638",45,5305,94674,Home Improvement,High DTI
APP-040,CU-040,Aria Campbell,225-53-5632,26-04-1981,-8235,"7661 Maple Dr, Houston, TX 83794",45,4610,66371,Home Improvement,High DTI
APP-041,CU-041,Theodore Mitchell,542-65-1876,05-08-1979,-3975,"1833 Elm St, Philadelphia, PA 11605",47,8530,31613,Home Improvement,Fraud
APP-042,CU-042,Grace Carter,322-15-8489,06-05-1985,-10792,"8937 Washington Blvd, San Antonio, TX 10117",41,8551,44309,Used Car Loan,Fraud
APP-043,CU-043,Samuel Roberts,217-77-9915,10-07-2007,-6362,"2148 Maple Dr, Houston, TX 88477",19,4138,111988,Home Improvement,Fraud
APP-044,CU-044,Chloe Gomez,997-22-6287,24-05-1996,-11147,"2932 Washington Blvd, San Antonio, TX 89767",30,10384,48253,Used Car Loan,Fraud
APP-045,CU-045,Joseph Phillips,236-43-3635,14-11-1994,-7872,"6051 Lakeview Dr, San Diego, CA 97388",32,6872,55828,Major Purchase,Fraud
APP-046,CU-046,Camila Evans,673-13-1600,14-02-2008,-4324,"9610 Oak Ave, Los Angeles, CA 39287",18,5660,111565,Home Improvement,Fraud
APP-047,CU-047,John Turner,715-60-2970,01-09-1987,-3443,"5667 Lakeview Dr, San Diego, CA 66819",39,6692,20408,Business Venture,Missing Documents
APP-048,CU-048,Layla Diaz,510-64-3336,05-08-1980,-4492,"4712 Oak Ave, Los Angeles, CA 53872",46,6932,22326,Business Venture,Missing Documents
APP-049,CU-049,David Parker,146-77-3891,15-07-1998,-2306,"6998 Pine Rd, Chicago, IL 85683",28,6834,17116,Business Venture,Missing Documents
APP-050,CU-050,Bella Cruz,401-21-8783,09-08-1998,-3057,"3631 Pine Rd, Chicago, IL 49915",28,6347,26127,Home Improvement,Missing Documents
APP-051,CU-051,James Vance,415-88-2931,14-11-1988,-4311,"812 Willow St, Miami, FL 33101",37,9500,45000,Debt Consolidation,Terminated Employment
APP-052,CU-052,Sophia Miller,312-99-4012,22-03-1992,-9082,"455 Spruce Ave, Denver, CO 80202",34,6200,25000,Home Improvement,Terminated Employment
APP-053,CU-053,Jackson Reed,618-22-7744,05-09-1985,-1156,"109 Pine St, Seattle, WA 98101",40,11000,65000,Business Venture,Terminated Employment
APP-054,CU-054,Mia Jenkins,215-44-8899,19-07-1995,-7721,"302 Cedar Rd, Austin, TX 78701",31,5400,15000,Used Car Loan,Terminated Employment
